Subject_ID_N,Subject_ID_D,T1_date_iso,T2_date_iso,global_T1,global_T2,global_delta,bluetooth_address_diversity_ratio,unique_bluetooth_addresses
3,001,2025-01-05,2025-09-11,100.8,97.0,-3.7999999999999967,,
64,002,2025-01-27,2025-12-24,104.8,110.7,5.900000000000006,,
11,003,2025-01-06,2025-09-18,106.5,108.1,1.5999999999999943,,
5,004,2025-01-06,2025-09-11,101.0,102.0,1.0,,
9,005,2025-01-06,2025-09-15,81.1,103.4,22.30000000000001,,
8,006,2025-01-06,2025-09-18,90.1,96.8,6.700000000000003,,
57,007,2025-01-23,2025-09-16,108.2,109.9,1.7000000000000028,,
35,010,2025-01-14,2025-12-01,100.0,101.8,1.7999999999999972,,
74,011,2025-02-04,2025-09-18,88.0,94.8,6.799999999999997,,
4,012,2025-01-06,2025-09-09,75.6,74.5,-1.0999999999999943,,
10,013,2025-01-06,2025-09-09,109.6,111.8,2.200000000000003,,
21,014,2025-01-09,2025-09-11,104.0,104.8,0.799999999999997,,
12,015,2025-01-06,2025-10-29,95.9,102.9,7.0,,
79,018,2025-03-02,,96.1,,,,
28,019,2025-01-13,2025-09-11,103.7,104.4,0.7000000000000028,,
18,020,2025-01-08,2025-10-21,90.0,91.6,1.5999999999999943,,
17,021,2025-01-08,2025-10-21,97.8,98.9,1.1000000000000083,,
52,022,2025-01-21,2025-09-16,107.2,105.1,-2.1000000000000085,,
20,023,2025-01-09,2025-09-08,101.0,105.6,4.599999999999994,,
68,024,2025-01-28,2025-09-15,103.4,96.9,-6.5,,
16,025,2025-01-08,2025-10-23,104.9,111.1,6.199999999999989,,
75,026,2025-02-12,,104.1,,,,
45,028,2025-01-20,,93.5,,,,
80,029,2025-03-02,2025-12-30,100.2,103.1,2.8999999999999915,,
13,030,2025-01-08,2025-10-29,103.8,99.5,-4.299999999999997,,
67,031,2025-01-28,2025-10-21,96.3,102.3,6.0,,
62,032,2025-01-23,2025-09-16,110.6,111.8,1.2000000000000028,,
73,034,2025-02-04,2025-11-13,101.8,107.9,6.1000000000000085,,
54,035,2025-01-21,2025-09-09,98.1,102.7,4.6000000000000085,,
19,036,2025-01-09,2025-09-08,93.0,93.4,0.4000000000000056,,
48,037,2025-01-20,,101.9,,,,
50,038,2025-01-21,2025-10-30,94.5,96.5,2.0,,
27,039,2025-01-13,2025-09-11,99.3,109.7,10.400000000000006,,
65,040,2025-01-27,2025-10-29,92.8,94.4,1.6000000000000083,,
15,041,2025-01-08,2025-09-15,119.4,117.3,-2.1000000000000085,,
14,042,2025-01-08,,83.8,,,,
42,043,2025-01-21,,95.5,,,,
44,044,2025-01-20,2025-09-08,108.3,99.9,-8.399999999999991,,
51,045,2025-01-21,2025-10-21,93.4,97.5,4.099999999999994,,
66,046,2025-01-28,2025-09-08,101.8,106.6,4.799999999999997,,
7,048,2025-01-06,2025-11-20,95.2,96.5,1.2999999999999972,,
85,049,2025-03-06,,91.6,,,,
39,050,2025-01-16,,104.4,,,,
22,052,2025-01-09,,90.6,,,,
32,053,2025-01-14,2025-12-11,104.6,115.0,10.400000000000006,,
29,055,2025-01-14,,104.1,,,,
38,056,2025-01-16,2025-11-10,109.6,111.3,1.7000000000000028,,
37,057,2025-01-14,2025-09-16,93.7,93.2,-0.5,,
59,058,2025-01-23,,76.2,,,,
26,060,2025-01-13,2025-09-18,96.9,98.0,1.0999999999999943,,
58,061,2025-01-23,,92.7,,,,
40,062,2025-01-16,2025-09-16,103.9,97.2,-6.700000000000003,,
69,064,2025-01-28,,99.3,,,,
43,066,2025-01-20,,99.4,,,,
25,067,2025-01-13,2025-09-16,87.1,92.9,5.800000000000011,,
34,068,2025-01-14,2025-10-30,97.8,105.7,7.900000000000007,,
46,069,2025-01-20,,85.9,,,,
24,070,2025-01-13,2025-09-15,95.5,102.0,6.5,,
33,071,2025-01-14,2025-11-27,99.6,106.5,6.900000000000006,,
83,072,2025-03-06,2025-10-30,106.1,108.4,2.3000000000000114,,
30,073,2025-01-14,2025-09-16,95.7,108.9,13.200000000000005,,
41,074,2025-01-16,2025-09-16,111.8,101.6,-10.200000000000005,,
53,075,2025-01-21,2025-10-21,89.1,95.5,6.400000000000006,,
71,076,2025-01-28,2025-09-18,107.5,115.3,7.799999999999997,,
77,077,2025-02-25,2025-11-12,87.8,82.7,-5.099999999999994,,
84,078,2025-03-06,2025-09-16,106.2,107.3,1.0999999999999943,,
47,079,2025-01-20,,101.3,,,,
31,080,2025-01-14,2025-09-18,95.7,93.5,-2.200000000000003,,
55,081,2025-01-21,,82.2,,,,
70,082,2025-01-28,2025-11-10,92.0,101.9,9.900000000000006,,
36,083,2025-01-14,2025-09-09,102.8,103.2,0.4000000000000056,,
49,084,2025-01-20,,87.5,,,,
81,085,2025-03-04,2025-09-18,100.0,102.3,2.299999999999997,0.17198177676537585,302
76,086,2025-02-12,,95.7,,,,
72,087,2025-02-04,2025-09-18,100.3,94.6,-5.700000000000003,,
61,089,2025-01-23,2025-09-18,109.3,107.6,-1.7000000000000028,,
56,090,2025-01-21,2025-11-10,79.9,96.1,16.19999999999999,,
60,091,2025-01-23,2025-09-09,82.0,82.9,0.9000000000000056,,
63,092,2025-01-27,,109.1,,,,
82,093,2025-03-06,2025-09-18,99.6,92.3,-7.299999999999997,,
86,095,2025-03-16,2025-10-23,99.5,95.8,-3.7000000000000033,,
87,096,2025-03-30,2025-10-29,102.1,106.4,4.300000000000011,,
